{
    "AA": 0.8504651860744298,
    "AKs": 0.67171868747499,
    "AKo": 0.6483343337334934,
    "AQs": 0.6648159263705482,
    "AQo": 0.6343037214885955,
    "AJs": 0.6491846738695478,
    "AJo": 0.6304021608643458,
    "ATs": 0.6440576230492197,
    "ATo": 0.6284263705482193,
    "A9s": 0.6303021208483394,
    "A9o": 0.6075430172068828,
    "A8s": 0.6209233693477391,
    "A8o": 0.5955132052821128,
    "A7s": 0.6131202480992397,
    "A7o": 0.5814075630252101,
    "A6s": 0.597639055622249,
    "A6o": 0.5744047619047619,
    "A5s": 0.5930872348939575,
    "A5o": 0.5803071228491397,
    "A4s": 0.5886854741896759,
    "A4o": 0.5703531412565026,
    "A3s": 0.5799319727891157,
    "A3o": 0.5584483793517407,
    "A2s": 0.571578631452581,
    "A2o": 0.5518957583033214,
    "KK": 0.8260804321728692,
    "KQs": 0.6296018407362945,
    "KQo": 0.6147959183673469,
    "KJs": 0.6313525410164066,
    "KJo": 0.6013155262104842,
    "KTs": 0.6181222488995598,
    "KTo": 0.59656362545018,
    "K9s": 0.6051920768307323,
    "K9o": 0.5739795918367347,
    "K8s": 0.5836334533813525,
    "K8o": 0.5553971588635455,
    "K7s": 0.5782563025210085,
    "K7o": 0.5546968787515006,
    "K6s": 0.5642256902761105,
    "K6o": 0.540766306522609,
    "K5s": 0.561499599839936,
    "K5o": 0.5352641056422569,
    "K4s": 0.5436924769907964,
    "K4o": 0.5249099639855942,
    "K3s": 0.540891356542617,
    "K3o": 0.5164315726290516,
    "K2s": 0.5345888355342137,
    "K2o": 0.504326730692277,
    "QQ": 0.8049469787915166,
    "QJs": 0.6107693077230892,
    "QJo": 0.5809823929571829,
    "QTs": 0.6059173669467787,
    "QTo": 0.5721788715486195,
    "Q9s": 0.5782062825130052,
    "Q9o": 0.5507202881152461,
    "Q8s": 0.5627751100440176,
    "Q8o": 0.5343387354941976,
    "Q7s": 0.5430172068827531,
    "Q7o": 0.5220338135254101,
    "Q6s": 0.5359393757503002,
    "Q6o": 0.5118797519007603,
    "Q5s": 0.5258103241296519,
    "Q5o": 0.4968237294917967,
    "Q4s": 0.522984193677471,
    "Q4o": 0.4930222088835534,
    "Q3s": 0.508453381352541,
    "Q3o": 0.48674469787915164,
    "Q2s": 0.4963985594237695,
    "Q2o": 0.47411464585834334,
    "JJ": 0.7697328931572629,
    "JTs": 0.577155862344938,
    "JTo": 0.5522208883553421,
    "J9s": 0.5555222088835534,
    "J9o": 0.5305872348939575,
    "J8s": 0.5437174869947979,
    "J8o": 0.5118297318927572,
    "J7s": 0.5230092036814726,
    "J7o": 0.49844937975190073,
    "J6s": 0.5052521008403361,
    "J6o": 0.47711584633853543,
    "J5s": 0.49709883953581435,
    "J5o": 0.4759153661464586,
    "J4s": 0.4927220888355342,
    "J4o": 0.460859343737495,
    "J3s": 0.476765706282513,
    "J3o": 0.44807923169267705,
    "J2s": 0.4716136454581833,
    "J2o": 0.44030112044817926,
    "TT": 0.7471988795518207,
    "T9s": 0.5429171668667467,
    "T9o": 0.5176820728291317,
    "T8s": 0.5195328131252501,
    "T8o": 0.4960234093637455,
    "T7s": 0.5073029211684674,
    "T7o": 0.48359343737495,
    "T6s": 0.492171868747499,
    "T6o": 0.4652110844337735,
    "T5s": 0.4713135254101641,
    "T5o": 0.43649959983993597,
    "T4s": 0.46281012404961985,
    "T4o": 0.4343237294917967,
    "T3s": 0.4575080032012805,
    "T3o": 0.42356942777110845,
    "T2s": 0.45113045218087233,
    "T2o": 0.41536614645858344,
    "99": 0.7196378551420568,
    "98s": 0.507077831132453,
    "98o": 0.48224289715886354,
    "97s": 0.4896208483393357,
    "97o": 0.4610094037615046,
    "96s": 0.4771658663465386,
    "96o": 0.4391756702681072,
    "95s": 0.45615746298519405,
    "95o": 0.43077230892356944,
    "94s": 0.43214785914365744,
    "94o": 0.40751300520208084,
    "93s": 0.4284463785514206,
    "93o": 0.39985994397759106,
    "92s": 0.4216686674669868,
    "92o": 0.3864295718287315,
    "88": 0.6925270108043218,
    "87s": 0.4800920368147259,
    "87o": 0.444702881152461,
    "86s": 0.45875850340136054,
    "86o": 0.4386504601840736,
    "85s": 0.447078831532613,
    "85o": 0.4135904361744698,
    "84s": 0.42494497799119646,
    "84o": 0.3955582232893157,
    "83s": 0.41126450580232093,
    "83o": 0.3721738695478191,
    "82s": 0.40411164465786314,
    "82o": 0.3625950380152061,
    "77": 0.6565376150460184,
    "76s": 0.4531062424969988,
    "76o": 0.42779611844737897,
    "75s": 0.43930072028811523,
    "75o": 0.4096388555422169,
    "74s": 0.4216436574629852,
    "74o": 0.38450380152060826,
    "73s": 0.3990846338535414,
    "73o": 0.36457082833133253,
    "72s": 0.3816276510604242,
    "72o": 0.3448879551820728,
    "66": 0.6324029611844738,
    "65s": 0.439000600240096,
    "65o": 0.4022358943577431,
    "64s": 0.4171418567426971,
    "64o": 0.38125250100040015,
    "63s": 0.39805922368947577,
    "63o": 0.3590686274509804,
    "62s": 0.3761504601840736,
    "62o": 0.3447629051620648,
    "55": 0.6067677070828331,
    "54s": 0.4150660264105642,
    "54o": 0.3781762705082033,
    "53s": 0.3945078031212485,
    "53o": 0.3630952380952381,
    "52s": 0.375750300120048,
    "52o": 0.34583833533413366,
    "44": 0.5701530612244898,
    "43s": 0.3876300520208083,
    "43o": 0.35274109643857543,
    "42s": 0.36909763905562226,
    "42o": 0.3310324129651861,
    "33": 0.5305872348939575,
    "32s": 0.36204481792717086,
    "32o": 0.3246298519407763,
    "22": 0.5098289315726291
}